{"p0gIsCPSiP3Xs7Kn4HN4ckjaK1yJl8f6LVhMY-OrbyE": 1776575185.2764065, "84ZqoYzBqQis_q0lg08yyHtCzM2UZDX2PVwYTv2wx9U": 1776575194.2654061, "ST3e2t3w4bSQqNKLqdwFz1y5XVyjlJwch0ZAo6qwfo8": 1776575761.396687, "QZn931EkYZZkbp_6uKuRMfWS7czyfPchw9FiGpnRvoE": 1776576886.673224, "o8E8vrl9VUOk04nE1RmogxCKoN5hwzgpoz3wP2AWOgQ": 1776580546.080021, "bcy7M2EQdMH4BL8qwMutKhh0BzssJp_FtqOSnG5TH8c": 1776580689.1337488, "gXBIFIzacEIWQyWv1gXl4VDHe2IhhrIAtMSbj9qYr9c": 1776580713.1927788, "AInyIRbaGA1uUdO71m9fPj-5ZdqUrBGjdHCCYDFKf4w": 1776584424.5144465, "_j3HQRCQKtDCzgXbzb2fu2bWq-W7Xt0a2xzDo4XqFYo": 1776585726.659873, "Zy_HotTWTepuDz1W0uDNQFW_EBsEZJ4GRl5Gk0LAG3M": 1776586416.6162233, "gxScU1TjjdnZNY1V12s3gTShejVhKLaDc9LwIEwPMg8": 1776586768.97253, "4EQW9ozY_hIAh62m5os1OBW3ekuhF7SOtccyB6kJK5I": 1776587600.9269881, "W_Uf4x-GkXvknkiV_TzCSX-0QU2tmXUwkrfesAw9dyE": 1776588329.1600444, "F115wvrq6Jt-2eb45CDOTvjlMEogXR8Oo9gS_Hw0qi4": 1776589939.8094695, "NKN3uauEmzseL0diqBectbeNTDrVAV86npaLQxfndI0": 1776590761.9411075, "-0njZ3Sla7m9oQ2fYQ5TLrRiv6n9LaKf1fO9cGt1VZk": 1776592259.8858995, "kYD-2fKC3YsY3ML4vuc06RuPnOhRK1T-J3IkSP9gD98": 1776593536.448809, "_CicvzZHRFSo4AgPIqUXjenOHfu0sBhj1E9H6Ae0EaA": 1776593710.5102708, "Pyg10Kf-xb1pz_vOPU9vE1NmpQ7thM6jqknN4Ywa2_8": 1776597039.3350964, "uGJHrOR_3eP-2iTwWELD_TCLHOAELj_HGD_IHt0TUq4": 1776597084.7178721, "-a8ooflXO9BPIBfMAqDlddH_q8BAotOJJ5eoCJyNMSE": 1776597761.7981527, "wgPUeLStLJt9qYdJQvjR-LLZ9gInw7KwdIri8S9LUzo": 1776597819.6790547, "vcjINZbIRX0jcQ0bDaAG6smIzWCmOxzGL01ZT2Rtzzk": 1776599985.4634638, "EdzaZkqDgo_qd8NrK3OTYczsRoU20jK4oWgjB1mF-P4": 1776600870.9741685, "V3ZkArFhqywvFlsxD1VsDDtsTjXaSMnnFshXiAyZ6f0": 1776601264.1745749, "OOZZUIDgT2P_nUOuT9Ne-OBB1pPzgji_9Lfit4coq90": 1776602614.4054458, "hBVXqhjY_w9Fh5vXhhEfQAoKOdNcUitw_fqLoGRjcUU": 1776607033.9955916, "as2QkvVulWRMXK5DC4O4bybL9n_ubkkgPKUhe1jDa3s": 1776610565.2101762, "QN-q97WVJd2CUtkfEkTUjyV5hc28AGqJn3uNBpZH07A": 1776619530.830863, "jZ30UgQvG9KYqQ6w91uyrvHIZGZs1XCdB-37eECkIkM": 1776619708.490789, "rmv4abR-_OYBRE80cd4LZj8xqLCLi_jfQ37QNHC6_ts": 1776621167.3297992, "PDQ3kY50edhwT2zfPEBEoim80aQ3wT5DLkIDIqvDtNk": 1776629662.3842, "IoCLk4NZt78va_Z22ZrTVfewA8AtyQaKO6Fkt1FEMw4": 1776630597.1042662, "jSEBmRulkEYqHNPWVpd2vus3-AlE45VimjULUQ0LQMw": 1776631568.9407034, "wrV53VmLrhsUzJ47TvK2JFVJO933B0qmob3QEcfZG7c": 1776632095.68206, "ZJGt3Rrb99R7aP4qGP_uCf7bEub_uqfogi52RWTXwQ4": 1776632618.1124413, "A8XWqrhMLnTX80FR0EUklQrUhZf0gJOnXEQ23vUVln0": 1776632968.263343, "Lyr2kMTpAdwQxFAm9fVZ-tBNvyqt4OTKf-k8viEi_T4": 1776634300.217276}